alt	bed coverage	chrom	directory name	end	filter	gene	json coverage	json vs bed coverage	ref	set	start	transcript	variant type
G	3245	chr17	TWAO-201796057-W23-5143-BM2-lib1	31937409	LowQualReadBias;LowVAF	SUZ12	3467	450	GCCT		31937406	ENST00000322652	FILTERED
GCGCGGCGGGGGGCGCGCGCCGCCCCCCCCGGCGCA	1602	chr21	TWAO-101484893-W23-5251-BM-lib1	34792297	StrandSupport;LowQualReads	RUNX1	2005	403	G	pindel	34792296	ENST00000675419	FILTERED
CCTGCTTGATCACCAGCGGCCGCAGCGCCGGCGCCCCGACGCGCTCGTACAGGGGCTCCAGCCTGCCGTCTT	975	chr19	TWAO-106444776-W23-5056-BM-lib1	33301928	BLACKLIST	CEBPA	1227	252	C	pindel	33301927	ENST00000498907	FILTERED
GCGCGGCGGGGGGGGGGGGCCGCCCCCCCCCCCGAC	1620	chr21	TWAO-108007890-W23-5011-BM3-lib1	34792297	StrandSupport;LowQualReadBias;LowQualReads	RUNX1	1850	230	G	pindel	34792296	ENST00000675419	FILTERED
CAGAGAGTGGGCCTCCAGGGCCTCCAGCAGCTGAGGGGTGCAGTGGCGTCTTGGAGAAGGGGCTCACAGATCGGA	4085	chr3	TWAO-201723434-W23-5114-BM-lib1	128486180	StrandSupport;LowQualReadBias;LowQualReads	GATA2	3503	58	C	pindel	128486179	ENST00000341105	FILTERED
AGGACAGCAGAACACACATACCAAAGTCAGTACTGAGCACAACAAGGAATGTCTAATCAATATTTCCAAATACAAGTTTTCTTTGGTTATAAGT	3015	chr17	TWAO-108007890-W23-5011-BM3-lib1	31155997	StrandSupport;LowVAF	NF1	3073	58	A	pindel	31155996	ENST00000358273	FILTERED
AGGACAGCAGAACACACATACCAAAGTCAGTACTGAGCACAACAAGGAATGTCTAATCAATATTTCCAAATACAAGTTTTCTTTGGTTATAAGC	3135	chr17	TWAO-103562837-W23-5141-BM2-lib1	31155997	StrandSupport	NF1	2094	57	A	pindel	31155996	ENST00000358273	FILTERED
GGAGAGGTCATTGCAGGGACTGA	9627	chr2	TWAO-107016815-W23-5248-PB-lib1	25240671	LowQualReadBias;LowVAF	DNMT3A	9632	5	G	pindel	25240670	ENST00000321117	FILTERED
CGACAGATCCCCCCCAGGCTCCTCTGA	3797	chrX	TWAO-202143635-W23-5271-BM-lib1	130056028	LowQualReadBias;LowVAF	BCORL1	3802	5	C	pindel	130056027	ENST00000540052	FILTERED
AGTGGTTGCGGGAAATATTGATCTGCAGGAATAAATTTCTTCTTAAGATCGGAAAGAGCGTCGTGTAGGGAAAGAGTGTCAAGGGGGCGGTGTAGATCTCG	4179	chr17	TWAO-201723434-W23-5114-BM-lib1	31223515	LowQualReadBias;LowVAF	NF1	4184	5	A	pindel	31223514	ENST00000358273	FILTERED
A	6382	chr4	TWAO-201280541-W23-5184-BM-lib1	105275793	weak_evidence;LowVAF	TET2	6382	0	C	dragen	105275792	ENST00000380013	FILTERED
A	6917	chr5	TWAO-105574860-W23-5249-BM-lib1	177514700	weak_evidence;LowVAF	DDX41	6917	0	C	dragen	177514699	ENST00000330503	FILTERED
T	5912	chr17	TWAO-103212136-W23-5185-BM-lib1	60663052	read_position;LowVAF	PPM1D	5912	0	G	dragen	60663051	ENST00000305921	FILTERED
A	6408	chr17	TWAO-202138202-W23-5245-BM-lib1	42323316	weak_evidence;LowVAF	STAT3	6408	0	C	dragen	42323315	ENST00000264657	FILTERED
A	7937	chr20	TWAO-107196322-W23-5284-BM-lib1	32437300	weak_evidence;LowVAF	ASXL1	7937	0	C	dragen	32437299	ENST00000375687	FILTERED
A	7600	chr4	TWAO-201280541-W23-5184-BM-lib1	105259700	weak_evidence;LowVAF	TET2	7600	0	C	dragen	105259699	ENST00000380013	FILTERED
A	6650	chr2	TWAO-201280541-W23-5184-BM-lib1	25239216	weak_evidence;LowVAF	DNMT3A	6650	0	C	dragen	25239215	ENST00000321117	FILTERED
T	3423	chr21	TWAO-106444776-W23-5056-BM-lib1	34834544	read_position;LowVAF	RUNX1	3423	0	C	dragen	34834543	ENST00000675419	FILTERED
T	9990	chr4	TWAO-108007890-W23-5011-BM3-lib1	105276478	weak_evidence;LowVAF	TET2	9990	0	G	dragen	105276477	ENST00000380013	FILTERED
A	7280	chr18	TWAO-105574860-W23-5249-BM-lib1	44950950	weak_evidence;LowVAF	SETBP1	7280	0	C	dragen	44950949	ENST00000649279	FILTERED
T	7619	chr17	TWAO-102552878-W23-5092-BM-lib1	7669690	weak_evidence;LowVAF	TP53	7619	0	G	dragen	7669689	ENST00000269305	FILTERED
T	8018	chr3	TWAO-105574860-W23-5249-BM-lib1	128485866	weak_evidence;LowVAF	GATA2	8018	0	G	dragen	128485865	ENST00000341105	FILTERED
T	10212	chr1	TWAO-102552878-W23-5092-BM-lib1	36475493	weak_evidence;LowVAF	CSF3R	8440	0	G	dragen	36475492	ENST00000373106	FILTERED
C	113	chrX	TWAO-201805813-W23-5093-BM-lib1	53394814	base_quality;weak_evidence	SMC1A	113	0	A	dragen	53394813	ENST00000322213	FILTERED
T	6923	chr17	TWAO-105574860-W23-5249-BM-lib1	31337469	weak_evidence;LowVAF	NF1	6923	0	G	dragen	31337468	ENST00000358273	FILTERED
T	9257	chr20	TWAO-202138202-W23-5245-BM-lib1	32436196	weak_evidence;LowVAF	ASXL1	9257	0	G	dragen	32436195	ENST00000375687	FILTERED
T	6728	chr18	TWAO-105574860-W23-5249-BM-lib1	44951777	weak_evidence;LowVAF	SETBP1	6728	0	G	dragen	44951776	ENST00000649279	FILTERED
A	6579	chr18	TWAO-105574860-W23-5249-BM-lib1	44953090	weak_evidence;LowVAF	SETBP1	6579	0	C	dragen	44953089	ENST00000649279	FILTERED
T	9061	chr2	TWAO-201723434-W23-5114-BM-lib1	25239142	weak_evidence;LowVAF	DNMT3A	9061	0	G	dragen	25239141	ENST00000321117	FILTERED
T	7146	chrX	TWAO-105574860-W23-5249-BM-lib1	15331802	weak_evidence;LowVAF	PIGA	7146	0	G	dragen	15331801	ENST00000333590	FILTERED
A	6647	chr8	TWAO-103144074-W23-5051-BM-lib1	127738617	weak_evidence;LowVAF	MYC	6647	0	C	dragen	127738616	ENST00000621592	FILTERED
T	9257	chr20	TWAO-202138202-W23-5245-BM-lib1	32436195	weak_evidence;LowVAF	ASXL1	9257	0	G	dragen	32436194	ENST00000375687	FILTERED
A	7258	chr11	TWAO-107196322-W23-5284-BM-lib1	32428608	weak_evidence;LowVAF	WT1	7258	0	C	dragen	32428607	ENST00000452863	FILTERED
T	7403	chr22	TWAO-202138202-W23-5245-BM-lib1	28734650	weak_evidence;LowVAF	CHEK2	7403	0	G	dragen	28734649	ENST00000404276	FILTERED
T	5501	chr17	TWAO-200054718-W23-5200-BM-lib1	31249099	weak_evidence;LowVAF	NF1	5501	0	G	dragen	31249098	ENST00000358273	FILTERED
T	7207	chr1	TWAO-202138202-W23-5245-BM-lib1	36466650	weak_evidence;LowVAF	CSF3R	7207	0	G	dragen	36466649	ENST00000373106	FILTERED
A	2398	chr17	TWAO-201878424-W23-5285-BM-lib1	31249065	no_reliable_supporting_read;LowVAF	NF1	2398	0	T	dragen	31249064	ENST00000358273	FILTERED
A	6807	chr17	TWAO-201280541-W23-5184-BM-lib1	42322323	weak_evidence;LowVAF	STAT3	6807	0	C	dragen	42322322	ENST00000264657	FILTERED
T	6409	chrX	TWAO-201280541-W23-5184-BM-lib1	15331851	weak_evidence;LowVAF	PIGA	6409	0	G	dragen	15331850	ENST00000333590	FILTERED
T	6875	chr20	TWAO-201280541-W23-5184-BM-lib1	32435658	weak_evidence;LowVAF	ASXL1	6875	0	G	dragen	32435657	ENST00000375687	FILTERED
T	9507	chrX	TWAO-202138202-W23-5245-BM-lib1	40055485	weak_evidence;LowVAF	BCOR	9507	0	G	dragen	40055484	ENST00000378444	FILTERED
A	6427	chrX	TWAO-201280541-W23-5184-BM-lib1	15820219	weak_evidence;LowVAF	ZRSR2	6427	0	C	dragen	15820218	ENST00000307771	FILTERED
T	7327	chrX	TWAO-202138202-W23-5245-BM-lib1	53411858	weak_evidence;LowVAF	SMC1A	7327	0	G	dragen	53411857	ENST00000322213	FILTERED
T	10156	chr12	TWAO-103212136-W23-5185-BM-lib1	112489026	weak_evidence;LowVAF	PTPN11	10156	0	G	dragen	112489025	ENST00000351677	FILTERED
T	5352	chr18	TWAO-200054718-W23-5200-BM-lib1	44953148	weak_evidence;LowVAF	SETBP1	5352	0	G	dragen	44953147	ENST00000649279	FILTERED
T	6718	chr9	TWAO-202138202-W23-5245-BM-lib1	136502390	weak_evidence;LowVAF	NOTCH1	6718	0	G	dragen	136502389	ENST00000651671	FILTERED
T	5314	chr11	TWAO-200054718-W23-5200-BM-lib1	32396382	weak_evidence;LowVAF	WT1	5314	0	G	dragen	32396381	ENST00000452863	FILTERED
A	5934	chr1	TWAO-201280541-W23-5184-BM-lib1	36466458	weak_evidence;LowVAF	CSF3R	5934	0	C	dragen	36466457	ENST00000373106	FILTERED
A	7306	chr5	TWAO-201280541-W23-5184-BM-lib1	177513457	weak_evidence;LowVAF	DDX41	7306	0	C	dragen	177513456	ENST00000330503	FILTERED
A	5948	chr13	TWAO-202138202-W23-5245-BM-lib1	28018472	weak_evidence;LowVAF	FLT3	5948	0	C	dragen	28018471	ENST00000241453	FILTERED
T	8031	chrX	TWAO-202153377-W23-5261-BM-lib1	40062958	weak_evidence;LowVAF	BCOR	8031	0	G	dragen	40062957	ENST00000378444	FILTERED
T	8204	chrX	TWAO-202138202-W23-5245-BM-lib1	130039141	weak_evidence;LowVAF	BCORL1	8204	0	G	dragen	130039140	ENST00000540052	FILTERED
A	7308	chr17	TWAO-201516155-W23-5090-BM-lib1	31232765	weak_evidence;LowVAF	NF1	7308	0	C	dragen	31232764	ENST00000358273	FILTERED
A	6948	chrX	TWAO-202138202-W23-5245-BM-lib1	53382345	weak_evidence;LowVAF	SMC1A	6948	0	C	dragen	53382344	ENST00000322213	FILTERED
T	6420	chr20	TWAO-201516155-W23-5090-BM-lib1	32433283	weak_evidence;LowVAF	ASXL1	6420	0	G	dragen	32433282	ENST00000375687	FILTERED
T	5969	chr4	TWAO-202138202-W23-5245-BM-lib1	105259662	weak_evidence;LowVAF	TET2	5969	0	G	dragen	105259661	ENST00000380013	FILTERED
A	7290	chr4	TWAO-103636692-W23-5198-BM-lib1	105272657	read_position;LowVAF	TET2	7289	-1	G	dragen	105272656	ENST00000380013	FILTERED
T	6207	chrX	TWAO-202138202-W23-5245-BM-lib1	130013679	weak_evidence;LowVAF	BCORL1	6206	-1	G	dragen	130013678	ENST00000540052	FILTERED
A	5908	chrX	TWAO-201280541-W23-5184-BM-lib1	53399704	weak_evidence;LowVAF	SMC1A	5907	-1	C	dragen	53399703	ENST00000322213	FILTERED
T	8114	chr20	TWAO-101484893-W23-5251-BM-lib1	32431617	weak_evidence;LowVAF	ASXL1	8113	-1	G	dragen	32431616	ENST00000375687	FILTERED
T	9490	chr5	TWAO-106352110-W23-5075-BM-lib1	177515772	weak_evidence;LowVAF	DDX41	9489	-1	G	dragen	177515771	ENST00000330503	FILTERED
A	4154	chr21	TWAO-105982473-W23-5162-BM-lib1	34834518	read_position;LowVAF	RUNX1	4153	-1	G	dragen	34834517	ENST00000675419	FILTERED
T	7202	chrX	TWAO-103144074-W23-5051-BM-lib1	124086664	weak_evidence;LowVAF	STAG2	7201	-1	G	dragen	124086663	ENST00000371145	FILTERED
A	8978	chr12	TWAO-201280541-W23-5184-BM-lib1	112489043	weak_evidence;LowVAF	PTPN11	8977	-1	C	dragen	112489042	ENST00000351677	FILTERED
T	11960	chr1	TWAO-103212136-W23-5185-BM-lib1	36475545	weak_evidence;LowVAF	CSF3R	11959	-1	G	dragen	36475544	ENST00000373106	FILTERED
T	5353	chr7	TWAO-201791635-W23-5078-BM-lib1	102202145	read_position;LowVAF	CUX1	5352	-1	C	dragen	102202144	ENST00000292535	FILTERED
T	7849	chr7	TWAO-201280541-W23-5184-BM-lib1	102239365	weak_evidence;LowVAF	CUX1	7848	-1	G	dragen	102239364	ENST00000292535	FILTERED
T	11239	chr2	TWAO-201723434-W23-5114-BM-lib1	25244617	weak_evidence;LowVAF	DNMT3A	11238	-1	G	dragen	25244616	ENST00000321117	FILTERED
T	7489	chr20	TWAO-202153377-W23-5261-BM-lib1	32436199	weak_evidence;LowVAF	ASXL1	7488	-1	G	dragen	32436198	ENST00000375687	FILTERED
A	5118	chr4	TWAO-103144074-W23-5051-BM-lib1	105272871	read_position;LowVAF	TET2	5117	-1	C	dragen	105272870	ENST00000380013	FILTERED
T	5902	chr20	TWAO-200054718-W23-5200-BM-lib1	32435636	weak_evidence;LowVAF	ASXL1	5901	-1	G	dragen	32435635	ENST00000375687	FILTERED
A	6571	chrX	TWAO-202138202-W23-5245-BM-lib1	53409135	weak_evidence;LowVAF	SMC1A	6570	-1	C	dragen	53409134	ENST00000322213	FILTERED
T	8254	chr7	TWAO-200054718-W23-5200-BM-lib1	102234114	weak_evidence;LowVAF	CUX1	8253	-1	G	dragen	102234113	ENST00000292535	FILTERED
A	10210	chr2	TWAO-105574860-W23-5249-BM-lib1	25244616	weak_evidence;LowVAF	DNMT3A	10209	-1	C	dragen	25244615	ENST00000321117	FILTERED
A	8254	chr7	TWAO-200054718-W23-5200-BM-lib1	102234107	weak_evidence;LowVAF	CUX1	8253	-1	C	dragen	102234106	ENST00000292535	FILTERED
T	7412	chrX	TWAO-102552878-W23-5092-BM-lib1	53380709	weak_evidence;LowVAF	SMC1A	7411	-1	G	dragen	53380708	ENST00000322213	FILTERED
T	6516	chr1	TWAO-103144074-W23-5051-BM-lib1	36469699	weak_evidence;LowVAF	CSF3R	6515	-1	G	dragen	36469698	ENST00000373106	FILTERED
A	9908	chr12	TWAO-202138202-W23-5245-BM-lib1	112489034	weak_evidence;LowVAF	PTPN11	9907	-1	C	dragen	112489033	ENST00000351677	FILTERED
A	6362	chr2	TWAO-201280541-W23-5184-BM-lib1	25247623	weak_evidence;LowVAF	DNMT3A	6361	-1	C	dragen	25247622	ENST00000321117	FILTERED
A	6327	chrX	TWAO-202143635-W23-5271-BM-lib1	53409482	read_position;LowVAF	SMC1A	6326	-1	G	dragen	53409481	ENST00000322213	FILTERED
A	7845	chr1	TWAO-201280541-W23-5184-BM-lib1	36479488	weak_evidence;LowVAF	CSF3R	7844	-1	C	dragen	36479487	ENST00000373106	FILTERED
T	7842	chr2	TWAO-108032713-W23-5115-BM2-lib1	25246281	weak_evidence;LowVAF	DNMT3A	7841	-1	G	dragen	25246280	ENST00000321117	FILTERED
T	7300	chr7	TWAO-105574860-W23-5249-BM-lib1	102204393	weak_evidence;LowVAF	CUX1	7299	-1	G	dragen	102204392	ENST00000292535	FILTERED
T	7933	chr21	TWAO-202138202-W23-5245-BM-lib1	43094672	weak_evidence;LowVAF	U2AF1	7932	-1	G	dragen	43094671	ENST00000291552	FILTERED
T	8983	chr18	TWAO-105574860-W23-5249-BM-lib1	44953133	weak_evidence;LowVAF	SETBP1	8982	-1	G	dragen	44953132	ENST00000649279	FILTERED
A	8507	chr17	TWAO-202138202-W23-5245-BM-lib1	60663528	weak_evidence;LowVAF	PPM1D	8506	-1	C	dragen	60663527	ENST00000305921	FILTERED
A	5999	chrX	TWAO-202138202-W23-5245-BM-lib1	40074040	weak_evidence;LowVAF	BCOR	5997	-2	C	dragen	40074039	ENST00000378444	FILTERED
A	7132	chr2	TWAO-201280541-W23-5184-BM-lib1	197409808	weak_evidence;LowVAF	SF3B1	7130	-2	C	dragen	197409807	ENST00000335508	FILTERED
A	7725	chr4	TWAO-201723434-W23-5114-BM-lib1	105272569	weak_evidence;LowVAF	TET2	7723	-2	C	dragen	105272568	ENST00000380013	FILTERED
A	7551	chr1	TWAO-201280541-W23-5184-BM-lib1	36467948	weak_evidence;LowVAF	CSF3R	7549	-2	C	dragen	36467947	ENST00000373106	FILTERED
A	9771	chr2	TWAO-104533120-W23-5281-BM-lib1	25247156	weak_evidence;LowVAF	DNMT3A	9769	-2	C	dragen	25247155	ENST00000321117	FILTERED
T	7001	chr11	TWAO-202138202-W23-5245-BM-lib1	32428610	weak_evidence;LowVAF	WT1	6999	-2	G	dragen	32428609	ENST00000452863	FILTERED
T	6229	chr2	TWAO-103144074-W23-5051-BM-lib1	25282497	weak_evidence;LowVAF	DNMT3A	6227	-2	G	dragen	25282496	ENST00000321117	FILTERED
T	5050	chr22	TWAO-201280541-W23-5184-BM-lib1	28734677	weak_evidence;LowVAF	CHEK2	5048	-2	G	dragen	28734676	ENST00000404276	FILTERED
A	8086	chr21	TWAO-105574860-W23-5249-BM-lib1	34799382	weak_evidence;LowVAF	RUNX1	8084	-2	C	dragen	34799381	ENST00000675419	FILTERED
A	6745	chr7	TWAO-201280541-W23-5184-BM-lib1	101817648	weak_evidence;LowVAF	CUX1	6743	-2	C	dragen	101817647	ENST00000292535	FILTERED
T	7316	chr20	TWAO-105574860-W23-5249-BM-lib1	32436191	weak_evidence;LowVAF	ASXL1	7314	-2	G	dragen	32436190	ENST00000375687	FILTERED
A	7198	chrX	TWAO-201723434-W23-5114-BM-lib1	130013223	weak_evidence;LowVAF	BCORL1	7196	-2	C	dragen	130013222	ENST00000540052	FILTERED
T	5932	chr20	TWAO-202138202-W23-5245-BM-lib1	32433379	weak_evidence;LowVAF	ASXL1	5930	-2	G	dragen	32433378	ENST00000375687	FILTERED
T	6524	chrX	TWAO-200054718-W23-5200-BM-lib1	130039280	weak_evidence;LowVAF	BCORL1	6522	-2	G	dragen	130039279	ENST00000540052	FILTERED
A	4826	chr2	TWAO-202154026-W23-5242-BM-lib1	25244543	no_reliable_supporting_read;read_position;weak_evidence;LowVAF	DNMT3A	4824	-2	C	dragen	25244542	ENST00000321117	FILTERED
T	4374	chr12	TWAO-200054718-W23-5200-BM-lib1	11869886	weak_evidence;LowVAF	ETV6	4372	-2	G	dragen	11869885	ENST00000396373	FILTERED
T	6919	chr18	TWAO-105574860-W23-5249-BM-lib1	44952696	weak_evidence;LowVAF	SETBP1	6917	-2	G	dragen	44952695	ENST00000649279	FILTERED
T	5614	chrX	TWAO-200054718-W23-5200-BM-lib1	130039266	weak_evidence;LowVAF	BCORL1	5611	-3	G	dragen	130039265	ENST00000540052	FILTERED
T	6001	chr1	TWAO-200054718-W23-5200-BM-lib1	36472085	weak_evidence;LowVAF	CSF3R	5998	-3	G	dragen	36472084	ENST00000373106	FILTERED
T	5803	chr4	TWAO-103212136-W23-5185-BM-lib1	105235851	weak_evidence;LowVAF	TET2	5800	-3	G	dragen	105235850	ENST00000380013	FILTERED
T	8903	chr2	TWAO-201280541-W23-5184-BM-lib1	25246220	weak_evidence;LowVAF	DNMT3A	8900	-3	G	dragen	25246219	ENST00000321117	FILTERED
A	8285	chr9	TWAO-201878424-W23-5285-BM-lib1	136496322	read_position;weak_evidence;LowVAF	NOTCH1	8282	-3	C	dragen	136496321	ENST00000651671	FILTERED
A	8229	chr21	TWAO-107196322-W23-5284-BM-lib1	43094784	weak_evidence;LowVAF	U2AF1	8226	-3	C	dragen	43094783	ENST00000291552	FILTERED
A	9559	chr2	TWAO-201938262-W23-5253-BM-lib1	25300216	weak_evidence;LowVAF	DNMT3A	9556	-3	C	dragen	25300215	ENST00000321117	FILTERED
A	7481	chr17	TWAO-201280541-W23-5184-BM-lib1	31232779	weak_evidence;LowVAF	NF1	7477	-4	C	dragen	31232778	ENST00000358273	FILTERED
T	4749	chrX	TWAO-103212136-W23-5185-BM-lib1	134378056	weak_evidence;LowVAF	PHF6	4745	-4	G	dragen	134378055	ENST00000370803	FILTERED
A	8238	chrX	TWAO-202138202-W23-5245-BM-lib1	53405789	weak_evidence;LowVAF	SMC1A	8234	-4	C	dragen	53405788	ENST00000322213	FILTERED
A	5517	chr7	TWAO-200054718-W23-5200-BM-lib1	102227631	weak_evidence;LowVAF	CUX1	5513	-4	C	dragen	102227630	ENST00000292535	FILTERED
A	8741	chr2	TWAO-201280541-W23-5184-BM-lib1	25247739	weak_evidence;LowVAF	DNMT3A	8737	-4	C	dragen	25247738	ENST00000321117	FILTERED
T	1045	chrX	TWAO-201805813-W23-5093-BM-lib1	124071253	read_position;LowVAF	STAG2	1041	-4	G	dragen	124071252	ENST00000371145	FILTERED
T	8265	chr11	TWAO-201280541-W23-5184-BM-lib1	32396380	weak_evidence;LowVAF	WT1	8260	-5	G	dragen	32396379	ENST00000452863	FILTERED
T	1335	chr10	TWAO-202143635-W23-5271-BM-lib1	110602175	base_quality;weak_evidence;LowVAF	SMC3	1329	-6	A	dragen	110602174	ENST00000361804	FILTERED
A	7892	chrX	TWAO-105574860-W23-5249-BM-lib1	53382573	weak_evidence;LowVAF	SMC1A	7886	-6	C	dragen	53382572	ENST00000322213	FILTERED
A	11180	chr1	TWAO-101484893-W23-5251-BM-lib1	36475508	weak_evidence;LowVAF	CSF3R	11174	-6	C	dragen	36475507	ENST00000373106	FILTERED
C	3449	chr7	TWAO-202143635-W23-5271-BM-lib1	102197201	base_quality;weak_evidence;LowVAF	CUX1	3442	-7	A	dragen	102197200	ENST00000292535	FILTERED
A	10495	chr7	TWAO-201723434-W23-5114-BM-lib1	102227540	weak_evidence;LowVAF	CUX1	10488	-7	C	dragen	102227539	ENST00000292535	FILTERED
C	2974	chr9	TWAO-103144074-W23-5051-BM-lib1	136497488	base_quality;weak_evidence;LowVAF	NOTCH1	2966	-8	A	dragen	136497487	ENST00000651671	FILTERED
G	2943	chr5	TWAO-202143635-W23-5271-BM-lib1	177513393	base_quality;read_position;weak_evidence;LowVAF	DDX41	2935	-8	T	dragen	177513392	ENST00000330503	FILTERED
G	1027	chr17	TWAO-202143635-W23-5271-BM-lib1	31095311	base_quality;LowVAF	NF1	748	-8	T	dragen	31095310	ENST00000358273	FILTERED
T	3443	chr17	TWAO-101484893-W23-5251-BM-lib1	31229944	base_quality;weak_evidence;LowVAF	NF1	3434	-9	G	dragen	31229943	ENST00000358273	FILTERED
G	3548	chr2	TWAO-202143635-W23-5271-BM-lib1	25313915	base_quality;weak_evidence;LowVAF	DNMT3A	2877	-10	T	dragen	25313914	ENST00000321117	FILTERED
A	4575	chr7	TWAO-103212136-W23-5185-BM-lib1	148832684	base_quality;weak_evidence;LowVAF	EZH2	4565	-10	C	dragen	148832683	ENST00000320356	FILTERED
C	4210	chrX	TWAO-106444776-W23-5197-PB-lib1	15823016	weak_evidence;LowVAF	ZRSR2	4200	-10	A	dragen	15823015	ENST00000307771	FILTERED
G	1937	chr3	TWAO-202153377-W23-5261-BM-lib1	128483927	base_quality;no_reliable_supporting_read;read_position;LowVAF	GATA2	1927	-10	T	dragen	128483926	ENST00000341105	FILTERED
A	3131	chr7	TWAO-202153377-W23-5261-BM-lib1	148832690	base_quality;weak_evidence;LowVAF	EZH2	3121	-10	C	dragen	148832689	ENST00000320356	FILTERED
A	5312	chr7	TWAO-105163199-W23-5089-BM-lib1	148817317	base_quality;weak_evidence;LowVAF	EZH2	5300	-12	C	dragen	148817316	ENST00000320356	FILTERED
T	4826	chr8	TWAO-105163199-W23-5089-BM-lib1	116854292	base_quality;no_reliable_supporting_read;read_position;weak_evidence;LowVAF	RAD21	4814	-12	G	dragen	116854291	ENST00000297338	FILTERED
C	5355	chrX	TWAO-108783743-W23-5282-BM-lib1	130051864	base_quality;LowVAF	BCORL1	5343	-12	A	dragen	130051863	ENST00000540052	FILTERED
G	3377	chr17	TWAO-201791635-W23-5078-BM-lib1	31163202	base_quality;LowVAF	NF1	2037	-13	T	dragen	31163201	ENST00000358273	FILTERED
C	5325	chr7	TWAO-105163199-W23-5089-BM-lib1	102196840	base_quality;LowVAF	CUX1	5159	-13	A	dragen	102196839	ENST00000292535	FILTERED
G	4149	chrX	TWAO-108783743-W23-5282-BM-lib1	53403787	base_quality;read_position;LowVAF	SMC1A	4135	-14	T	dragen	53403786	ENST00000322213	FILTERED
A	3357	chr7	TWAO-100406124-W23-5088-BM-lib1	148846599	base_quality;weak_evidence;LowVAF	EZH2	3343	-14	C	dragen	148846598	ENST00000320356	FILTERED
G	1867	chrX	TWAO-108783743-W23-5282-BM-lib1	40062395	base_quality;LowVAF	BCOR	1853	-14	T	dragen	40062394	ENST00000378444	FILTERED
A	2031	chr17	TWAO-106352110-W23-5075-BM-lib1	31201463	base_quality;read_position;weak_evidence;LowVAF	NF1	2017	-14	C	dragen	31201462	ENST00000358273	FILTERED
A	7842	chr2	TWAO-103144074-W23-5051-BM-lib1	25248132	weak_evidence;LowVAF	DNMT3A	6410	-15	C	dragen	25248131	ENST00000321117	FILTERED
C	930	chrX	TWAO-106352110-W23-5075-BM-lib1	130056115	base_quality;weak_evidence;LowVAF	BCORL1	914	-16	A	dragen	130056114	ENST00000540052	FILTERED
T	3305	chr7	TWAO-100406124-W23-5088-BM-lib1	148846580	base_quality;weak_evidence;LowVAF	EZH2	3289	-16	G	dragen	148846579	ENST00000320356	FILTERED
G	1258	chr17	TWAO-106352110-W23-5075-BM-lib1	31937515	base_quality;LowVAF	SUZ12	1241	-17	T	dragen	31937514	ENST00000322652	FILTERED
G	317	chr2	TWAO-106352110-W23-5075-BM-lib1	197405078	base_quality	SF3B1	300	-17	T	dragen	197405077	ENST00000335508	FILTERED
T	3674	chr17	TWAO-108032713-W23-5115-BM2-lib1	31966197	weak_evidence;LowVAF	SUZ12	3656	-18	G	dragen	31966196	ENST00000322652	FILTERED
C	3920	chr2	TWAO-105982473-W23-5162-BM-lib1	25246749	base_quality;LowVAF	DNMT3A	3901	-19	A	dragen	25246748	ENST00000321117	FILTERED
G	2428	chrX	TWAO-108032713-W23-5115-BM2-lib1	53412043	base_quality;LowVAF	SMC1A	2409	-19	T	dragen	53412042	ENST00000322213	FILTERED
G	5089	chr21	TWAO-201682401-W23-5060-BM-lib1	34886865	base_quality;weak_evidence;LowVAF	RUNX1	5070	-19	T	dragen	34886864	ENST00000675419	FILTERED
G	1467	chr20	TWAO-202143635-W23-5271-BM-lib1	32435024	base_quality;LowVAF	ASXL1	1447	-20	T	dragen	32435023	ENST00000375687	FILTERED
GAT	2286	chr5	TWAO-102552878-W23-5092-BM-lib1	171410536	weak_evidence;LowVAF	NPM1	2266	-20	G	dragen	171410535	ENST00000296930	FILTERED
G	2259	chr4	TWAO-202143635-W23-5271-BM-lib1	54733099	base_quality;LowVAF	KIT	2239	-20	T	dragen	54733098	ENST00000288135	FILTERED
C	4137	chrX	TWAO-202143635-W23-5271-BM-lib1	130015175	base_quality;LowVAF	BCORL1	3741	-21	A	dragen	130015174	ENST00000540052	FILTERED
C	2757	chr21	TWAO-202143635-W23-5271-BM-lib1	34834552	weak_evidence;LowVAF	RUNX1	2736	-21	A	dragen	34834551	ENST00000675419	FILTERED
A	957	chr17	TWAO-105163199-W23-5089-BM-lib1	31181755	base_quality;weak_evidence;LowVAF	NF1	936	-21	C	dragen	31181754	ENST00000358273	FILTERED
G	1648	chr17	TWAO-105163199-W23-5089-BM-lib1	31229092	base_quality;weak_evidence;LowVAF	NF1	1627	-21	T	dragen	31229091	ENST00000358273	FILTERED
C	7062	chr18	TWAO-101484893-W23-5251-BM-lib1	44950596	base_quality;weak_evidence;LowVAF	SETBP1	7041	-21	A	dragen	44950595	ENST00000649279	FILTERED
C	1309	chr2	TWAO-107016815-W23-5248-PB-lib1	25235705	base_quality;LowVAF	DNMT3A	966	-21	A	dragen	25235704	ENST00000321117	FILTERED
G	4708	chr7	TWAO-202143635-W23-5271-BM-lib1	102195532	base_quality;LowVAF	CUX1	4686	-22	T	dragen	102195531	ENST00000292535	FILTERED
C	5171	chr7	TWAO-105163199-W23-5089-BM-lib1	102196834	base_quality;LowVAF	CUX1	5149	-22	A	dragen	102196833	ENST00000292535	FILTERED
G	3324	chrX	TWAO-202143635-W23-5271-BM-lib1	40074060	base_quality;LowVAF	BCOR	3301	-23	T	dragen	40074059	ENST00000378444	FILTERED
C	2555	chr17	TWAO-200054718-W23-5200-BM-lib1	31095310	base_quality	NF1	493	-23	A	dragen	31095309	ENST00000358273	FILTERED
G	990	chr2	TWAO-107016815-W23-5248-PB-lib1	25235709	base_quality;no_reliable_supporting_read;weak_evidence;LowVAF	DNMT3A	967	-23	T	dragen	25235708	ENST00000321117	FILTERED
G	1261	chr7	TWAO-202143635-W23-5271-BM-lib1	148828865	base_quality;weak_evidence;LowVAF	EZH2	1237	-24	T	dragen	148828864	ENST00000320356	FILTERED
G	1384	chr20	TWAO-202143635-W23-5271-BM-lib1	32429970	base_quality;weak_evidence;LowVAF	ASXL1	1360	-24	T	dragen	32429969	ENST00000375687	FILTERED
C	6118	chrX	TWAO-102552878-W23-5092-BM-lib1	47199051	base_quality;weak_evidence;LowVAF	UBA1	6094	-24	A	dragen	47199050	ENST00000335972	FILTERED
G	3471	chrX	TWAO-201682401-W23-5060-BM-lib1	53403807	base_quality;weak_evidence;LowVAF	SMC1A	3446	-25	T	dragen	53403806	ENST00000322213	FILTERED
C	5781	chr2	TWAO-MS-Positive-Control-W22-6944-BM-lib16	25247676	base_quality;LowVAF	DNMT3A	5056	-25	A	dragen	25247675	ENST00000321117	FILTERED
C	7391	chr2	TWAO-105163199-W23-5089-BM-lib1	25246273	base_quality;LowVAF	DNMT3A	7365	-26	A	dragen	25246272	ENST00000321117	FILTERED
G	7038	chr7	TWAO-202153377-W23-5261-BM-lib1	102201700	base_quality;LowVAF	CUX1	5628	-26	T	dragen	102201699	ENST00000292535	FILTERED
G	1941	chrX	TWAO-105163199-W23-5089-BM-lib1	130051935	base_quality;weak_evidence;LowVAF	BCORL1	1914	-27	T	dragen	130051934	ENST00000540052	FILTERED
C	3684	chr2	TWAO-202143635-W23-5271-BM-lib1	25313983	base_quality;LowVAF	DNMT3A	2633	-28	A	dragen	25313982	ENST00000321117	FILTERED
G	1947	chrX	TWAO-200054718-W23-5200-BM-lib1	48791116	base_quality;LowVAF	GATA1	1919	-28	T	dragen	48791115	ENST00000376670	FILTERED
C	3228	chr7	TWAO-202143635-W23-5271-BM-lib1	102201833	base_quality;LowVAF	CUX1	3200	-28	A	dragen	102201832	ENST00000292535	FILTERED
G	5031	chrX	TWAO-202154026-W23-5242-BM-lib1	130013899	base_quality;LowVAF	BCORL1	3392	-29	T	dragen	130013898	ENST00000540052	FILTERED
G	5470	chr3	TWAO-103562837-W23-5141-BM2-lib1	128481289	base_quality;LowVAF	GATA2	5441	-29	T	dragen	128481288	ENST00000341105	FILTERED
G	781	chr3	TWAO-200054718-W23-5200-BM-lib1	128481820	base_quality;LowVAF	GATA2	752	-29	T	dragen	128481819	ENST00000341105	FILTERED
G	6097	chr21	TWAO-200249928-W23-5250-BM-lib1	34886880	base_quality;no_reliable_supporting_read;read_position;weak_evidence;LowVAF	RUNX1	6068	-29	T	dragen	34886879	ENST00000675419	FILTERED
G	6030	chrX	TWAO-202143635-W23-5271-BM-lib1	40072524	base_quality;weak_evidence;LowVAF	BCOR	6000	-30	T	dragen	40072523	ENST00000378444	FILTERED
A	3565	chr7	TWAO-201682401-W23-5060-BM-lib1	148846588	base_quality;weak_evidence;LowVAF	EZH2	3535	-30	C	dragen	148846587	ENST00000320356	FILTERED
G	2661	chrX	TWAO-102552878-W23-5092-BM-lib1	130005279	base_quality;LowVAF	BCORL1	1826	-30	T	dragen	130005278	ENST00000540052	FILTERED
G	2489	chr9	TWAO-202143635-W23-5271-BM-lib1	136497464	base_quality;LowVAF	NOTCH1	2459	-30	T	dragen	136497463	ENST00000651671	FILTERED
C	2384	chrX	TWAO-202143635-W23-5271-BM-lib1	130025231	base_quality;LowVAF	BCORL1	2353	-31	A	dragen	130025230	ENST00000540052	FILTERED
G	1379	chr17	TWAO-202143635-W23-5271-BM-lib1	31337835	base_quality;LowVAF	NF1	1348	-31	T	dragen	31337834	ENST00000358273	FILTERED
C	6525	chr2	TWAO-201682401-W23-5060-BM-lib1	25247718	base_quality;weak_evidence;LowVAF	DNMT3A	6494	-31	A	dragen	25247717	ENST00000321117	FILTERED
G	1286	chr3	TWAO-202143635-W23-5271-BM-lib1	128481320	base_quality;LowVAF	GATA2	1255	-31	T	dragen	128481319	ENST00000341105	FILTERED
G	3207	chr2	TWAO-106352110-W23-5075-BM-lib1	25313984	base_quality;weak_evidence;LowVAF	DNMT3A	3175	-32	T	dragen	25313983	ENST00000321117	FILTERED
T	3351	chr5	TWAO-107016815-W23-5248-PB-lib1	171410536	base_quality;weak_evidence;LowVAF	NPM1	3319	-32	G	dragen	171410535	ENST00000296930	FILTERED
G	6492	chr1	TWAO-201723434-W23-5114-BM-lib1	36469711	base_quality;weak_evidence;LowVAF	CSF3R	5552	-32	T	dragen	36469710	ENST00000373106	FILTERED
C	5289	chr1	TWAO-202143635-W23-5271-BM-lib1	36468185	base_quality;weak_evidence;LowVAF	CSF3R	5256	-33	A	dragen	36468184	ENST00000373106	FILTERED
G	2839	chr7	TWAO-202143635-W23-5271-BM-lib1	102196711	base_quality;LowVAF	CUX1	2806	-33	T	dragen	102196710	ENST00000292535	FILTERED
G	7391	chr2	TWAO-105163199-W23-5089-BM-lib1	25246263	base_quality;LowVAF	DNMT3A	7357	-34	T	dragen	25246262	ENST00000321117	FILTERED
G	5450	chr2	TWAO-102552878-W23-5092-BM-lib1	25241605	base_quality;LowVAF	DNMT3A	5007	-35	T	dragen	25241604	ENST00000321117	FILTERED
G	2935	chr2	TWAO-202143635-W23-5271-BM-lib1	25313914	base_quality;LowVAF	DNMT3A	2900	-35	T	dragen	25313913	ENST00000321117	FILTERED
G	3133	chrX	TWAO-202143635-W23-5271-BM-lib1	40063747	base_quality;LowVAF	BCOR	3097	-36	T	dragen	40063746	ENST00000378444	FILTERED
A	6901	chr17	TWAO-103212136-W23-5185-BM-lib1	31994571	base_quality;weak_evidence;LowVAF	SUZ12	6865	-36	C	dragen	31994570	ENST00000322652	FILTERED
C	5833	chr4	TWAO-201682401-W23-5060-BM-lib1	105234361	base_quality;weak_evidence;LowVAF	TET2	5797	-36	A	dragen	105234360	ENST00000380013	FILTERED
C	2337	chr4	TWAO-202143635-W23-5271-BM-lib1	105236774	base_quality;weak_evidence;LowVAF	TET2	2301	-36	G	dragen	105236773	ENST00000380013	FILTERED
G	3657	chrX	TWAO-202143635-W23-5271-BM-lib1	53415160	base_quality;LowVAF	SMC1A	3620	-37	T	dragen	53415159	ENST00000322213	FILTERED
G	3137	chrX	TWAO-202143635-W23-5271-BM-lib1	40063759	base_quality;LowVAF	BCOR	3099	-38	T	dragen	40063758	ENST00000378444	FILTERED
G	4631	chr5	TWAO-202143635-W23-5271-BM-lib1	177516379	base_quality;LowVAF	DDX41	4593	-38	T	dragen	177516378	ENST00000330503	FILTERED
G	2489	chr9	TWAO-202143635-W23-5271-BM-lib1	136497482	base_quality;LowVAF	NOTCH1	2451	-38	T	dragen	136497481	ENST00000651671	FILTERED
C	3739	chr20	TWAO-202143635-W23-5271-BM-lib1	32434934	base_quality;weak_evidence;LowVAF	ASXL1	3700	-39	A	dragen	32434933	ENST00000375687	FILTERED
G	4469	chrX	TWAO-200054718-W23-5200-BM-lib1	130014910	base_quality;weak_evidence;LowVAF	BCORL1	3847	-39	T	dragen	130014909	ENST00000540052	FILTERED
G	415	chr7	TWAO-202143635-W23-5271-BM-lib1	148827189	base_quality;no_reliable_supporting_read;read_position	EZH2	375	-40	C	dragen	148827188	ENST00000320356	FILTERED
C	4636	chr2	TWAO-108783743-W23-5282-BM-lib1	25313974	base_quality;read_position;LowVAF	DNMT3A	4021	-40	A	dragen	25313973	ENST00000321117	FILTERED
G	2371	chrX	TWAO-202143635-W23-5271-BM-lib1	15321545	base_quality;LowVAF	PIGA	2331	-40	T	dragen	15321544	ENST00000333590	FILTERED
C	5570	chr21	TWAO-201682401-W23-5060-BM-lib1	34886859	base_quality;weak_evidence;LowVAF	RUNX1	5062	-41	A	dragen	34886858	ENST00000675419	FILTERED
G	1908	chr17	TWAO-202143635-W23-5271-BM-lib1	31337565	base_quality;weak_evidence;LowVAF	NF1	1867	-41	T	dragen	31337564	ENST00000358273	FILTERED
T	8803	chr9	TWAO-MS-Positive-Control-W22-6944-BM-lib16	136502420	base_quality;weak_evidence;LowVAF	NOTCH1	8761	-42	G	dragen	136502419	ENST00000651671	FILTERED
G	3880	chr2	TWAO-202143635-W23-5271-BM-lib1	197434999	base_quality;read_position;weak_evidence;LowVAF	SF3B1	3838	-42	T	dragen	197434998	ENST00000335508	FILTERED
C	3438	chr8	TWAO-202143635-W23-5271-BM-lib1	127740927	base_quality;LowVAF	MYC	3396	-42	A	dragen	127740926	ENST00000621592	FILTERED
C	1576	chr1	TWAO-202143635-W23-5271-BM-lib1	36471495	base_quality;weak_evidence;LowVAF	CSF3R	1533	-43	A	dragen	36471494	ENST00000373106	FILTERED
G	3118	chr17	TWAO-202143635-W23-5271-BM-lib1	31337529	base_quality;weak_evidence;LowVAF	NF1	3075	-43	T	dragen	31337528	ENST00000358273	FILTERED
C	3379	chr17	TWAO-104533120-W23-5281-BM-lib1	31230368	base_quality;LowVAF	NF1	3335	-44	A	dragen	31230367	ENST00000358273	FILTERED
G	3105	chrX	TWAO-202143635-W23-5271-BM-lib1	53403653	base_quality;read_position;weak_evidence;LowVAF	SMC1A	3061	-44	T	dragen	53403652	ENST00000322213	FILTERED
G	3688	chr1	TWAO-202143635-W23-5271-BM-lib1	36468131	base_quality;LowVAF	CSF3R	3643	-45	T	dragen	36468130	ENST00000373106	FILTERED
C	4370	chr18	TWAO-107016815-W23-5248-PB-lib1	44950155	base_quality;weak_evidence;LowVAF	SETBP1	4325	-45	A	dragen	44950154	ENST00000649279	FILTERED
C	9055	chr9	TWAO-202035007-W23-5244-BM-lib1	136502400	base_quality;weak_evidence;LowVAF	NOTCH1	9010	-45	G	dragen	136502399	ENST00000651671	FILTERED
G	3109	chrX	TWAO-202143635-W23-5271-BM-lib1	53403621	base_quality;weak_evidence;LowVAF	SMC1A	3064	-45	T	dragen	53403620	ENST00000322213	FILTERED
C	2337	chr4	TWAO-202143635-W23-5271-BM-lib1	105236784	base_quality;LowVAF	TET2	2291	-46	A	dragen	105236783	ENST00000380013	FILTERED
G	5511	chrX	TWAO-105982473-W23-5162-BM-lib1	53414840	base_quality;weak_evidence;LowVAF	SMC1A	5465	-46	T	dragen	53414839	ENST00000322213	FILTERED
C	4321	chrX	TWAO-202143635-W23-5271-BM-lib1	130014976	base_quality;weak_evidence;LowVAF	BCORL1	2401	-46	A	dragen	130014975	ENST00000540052	FILTERED
C	3033	chrX	TWAO-202143635-W23-5271-BM-lib1	40073012	base_quality;LowVAF	BCOR	2986	-47	A	dragen	40073011	ENST00000378444	FILTERED
T	1104	chr17	TWAO-100406124-W23-5088-BM-lib1	31181776	base_quality;weak_evidence;LowVAF	NF1	1057	-47	G	dragen	31181775	ENST00000358273	FILTERED
C	1451	chrX	TWAO-202143635-W23-5271-BM-lib1	40074681	base_quality;LowVAF	BCOR	1403	-48	A	dragen	40074680	ENST00000378444	FILTERED
C	8401	chr18	TWAO-107016815-W23-5248-PB-lib1	44951798	base_quality;LowVAF	SETBP1	8352	-49	A	dragen	44951797	ENST00000649279	FILTERED
G	4175	chr2	TWAO-202143635-W23-5271-BM-lib1	25244253	base_quality;LowVAF	DNMT3A	4125	-50	T	dragen	25244252	ENST00000321117	FILTERED
C	1139	chr13	TWAO-202143635-W23-5271-BM-lib1	28027235	base_quality;no_reliable_supporting_read;read_position;LowVAF	FLT3	1089	-50	A	dragen	28027234	ENST00000241453	FILTERED
C	4445	chr4	TWAO-201682401-W23-5060-BM-lib1	105234291	base_quality;LowVAF	TET2	4395	-50	A	dragen	105234290	ENST00000380013	FILTERED
T	3958	chr17	TWAO-108007890-W23-5011-BM3-lib1	31966179	weak_evidence;LowVAF	SUZ12	3908	-50	G	dragen	31966178	ENST00000322652	FILTERED
C	596	chrX	TWAO-202143635-W23-5271-BM-lib1	15815809	base_quality;LowVAF	ZRSR2	545	-51	A	dragen	15815808	ENST00000307771	FILTERED
G	2121	chr4	TWAO-102552878-W23-5092-BM-lib1	105235731	base_quality;LowVAF	TET2	2070	-51	T	dragen	105235730	ENST00000380013	FILTERED
C	2877	chr7	TWAO-202143635-W23-5271-BM-lib1	102196748	base_quality;LowVAF	CUX1	2824	-53	A	dragen	102196747	ENST00000292535	FILTERED
A	964	chr17	TWAO-105163199-W23-5089-BM-lib1	31181750	base_quality;LowVAF	NF1	894	-55	C	dragen	31181749	ENST00000358273	FILTERED
C	1656	chrX	TWAO-202143635-W23-5271-BM-lib1	15815750	base_quality;LowVAF	ZRSR2	1600	-56	A	dragen	15815749	ENST00000307771	FILTERED
C	2572	chr17	TWAO-MS-Positive-Control-W22-6944-BM-lib16	31232072	LowQualReadBias;LowQualReads;LowVAF	NF1	1392	-58	CAG	pindel	31232070	ENST00000358273	FILTERED
A	6410	chr13	TWAO-107016815-W23-5248-PB-lib1	28034317	base_quality;weak_evidence;LowVAF	FLT3	6351	-59	C	dragen	28034316	ENST00000241453	FILTERED
C	4469	chrX	TWAO-108783743-W23-5282-BM-lib1	130013083	base_quality;LowVAF	BCORL1	3555	-60	A	dragen	130013082	ENST00000540052	FILTERED
C	2407	chrX	TWAO-202143635-W23-5271-BM-lib1	15815838	base_quality;LowVAF	ZRSR2	2344	-63	A	dragen	15815837	ENST00000307771	FILTERED
C	8045	chr7	TWAO-107016815-W23-5248-PB-lib1	102189832	base_quality;LowVAF	CUX1	7981	-64	A	dragen	102189831	ENST00000292535	FILTERED
G	2407	chrX	TWAO-202143635-W23-5271-BM-lib1	15815839	base_quality;LowVAF	ZRSR2	2342	-65	T	dragen	15815838	ENST00000307771	FILTERED
C	3753	chr7	TWAO-202143635-W23-5271-BM-lib1	102227664	base_quality;LowVAF	CUX1	3687	-66	A	dragen	102227663	ENST00000292535	FILTERED
G	4461	chr1	TWAO-202143635-W23-5271-BM-lib1	36469686	base_quality;read_position;LowVAF	CSF3R	4395	-66	T	dragen	36469685	ENST00000373106	FILTERED
C	2734	chr18	TWAO-202143635-W23-5271-BM-lib1	44950584	base_quality;weak_evidence;LowVAF	SETBP1	2668	-66	A	dragen	44950583	ENST00000649279	FILTERED
C	3192	chr17	TWAO-107016815-W23-5248-PB-lib1	31947682	mapping_quality;no_reliable_supporting_read;weak_evidence	SUZ12	3125	-67	A	dragen	31947681	ENST00000322652	FILTERED
A	3339	chr17	TWAO-202153377-W23-5261-BM-lib1	31966189	base_quality;LowVAF	SUZ12	3272	-67	C	dragen	31966188	ENST00000322652	FILTERED
C	2268	chr2	TWAO-202143635-W23-5271-BM-lib1	25247668	base_quality;LowVAF	DNMT3A	2200	-68	A	dragen	25247667	ENST00000321117	FILTERED
C	5859	chr4	TWAO-100406124-W23-5088-BM-lib1	105235556	base_quality;weak_evidence;LowVAF	TET2	5789	-70	A	dragen	105235555	ENST00000380013	FILTERED
G	2369	chrX	TWAO-202143635-W23-5271-BM-lib1	15321549	base_quality;LowVAF	PIGA	2299	-70	C	dragen	15321548	ENST00000333590	FILTERED
C	5142	chr18	TWAO-201682401-W23-5060-BM-lib1	44950561	base_quality;weak_evidence;LowVAF	SETBP1	5070	-72	G	dragen	44950560	ENST00000649279	FILTERED
G	6880	chr21	TWAO-MS-Positive-Control-W22-6944-BM-lib16	34886844	base_quality;weak_evidence;LowVAF	RUNX1	6806	-74	T	dragen	34886843	ENST00000675419	FILTERED
G	2405	chrX	TWAO-202143635-W23-5271-BM-lib1	15815845	base_quality;read_position;weak_evidence;LowVAF	ZRSR2	2330	-75	T	dragen	15815844	ENST00000307771	FILTERED
A	3303	chr10	TWAO-103636692-W23-5198-BM-lib1	110600544	base_quality;weak_evidence;LowVAF	SMC3	3228	-75	C	dragen	110600543	ENST00000361804	FILTERED
C	1017	chr10	TWAO-202143635-W23-5271-BM-lib1	110600438	base_quality;read_position;weak_evidence;LowVAF	SMC3	942	-75	G	dragen	110600437	ENST00000361804	FILTERED
T	6882	chrX	TWAO-201723434-W23-5114-BM-lib1	124071178	base_quality;LowVAF	STAG2	5896	-76	G	dragen	124071177	ENST00000371145	FILTERED
G	7728	chr1	TWAO-102552878-W23-5092-BM-lib1	36466779	weak_evidence;LowVAF	CSF3R	7649	-79	T	dragen	36466778	ENST00000373106	FILTERED
C	2216	chr4	TWAO-202143635-W23-5271-BM-lib1	105272854	base_quality;LowVAF	TET2	2135	-81	G	dragen	105272853	ENST00000380013	FILTERED
C	2215	chr4	TWAO-202143635-W23-5271-BM-lib1	105272859	base_quality;LowVAF	TET2	2132	-83	A	dragen	105272858	ENST00000380013	FILTERED
T	5543	chr17	TWAO-106444776-W23-5197-PB-lib1	31966150	weak_evidence;LowVAF	SUZ12	3877	-84	G	dragen	31966149	ENST00000322652	FILTERED
C	2215	chr4	TWAO-202143635-W23-5271-BM-lib1	105272858	base_quality;LowVAF	TET2	2131	-84	A	dragen	105272857	ENST00000380013	FILTERED
C	3756	chrX	TWAO-202143635-W23-5271-BM-lib1	134378082	base_quality;weak_evidence;LowVAF	PHF6	3670	-86	G	dragen	134378081	ENST00000370803	FILTERED
C	9048	chr2	TWAO-105163199-W23-5089-BM-lib1	25247730	base_quality;read_position;LowVAF	DNMT3A	8962	-86	A	dragen	25247729	ENST00000321117	FILTERED
T	2451	chr10	TWAO-107196322-W23-5284-BM-lib1	110600479	base_quality;weak_evidence;LowVAF	SMC3	2364	-87	G	dragen	110600478	ENST00000361804	FILTERED
C	3701	chrX	TWAO-202143635-W23-5271-BM-lib1	134378046	base_quality;LowVAF	PHF6	3614	-87	A	dragen	134378045	ENST00000370803	FILTERED
C	4996	chr18	TWAO-202143635-W23-5271-BM-lib1	44951799	base_quality;LowVAF	SETBP1	4908	-88	A	dragen	44951798	ENST00000649279	FILTERED
C	1513	chr17	TWAO-108032713-W23-5115-BM2-lib1	31230305	base_quality;weak_evidence;LowVAF	NF1	1303	-88	A	dragen	31230304	ENST00000358273	FILTERED
TGTAAAAAAAAAAAAAAAAAAAAAAAATCAAAAAAAGCTTTG	2102	chr8	TWAO-105188778-W23-5079-BM-lib1	116856290	StrandSupport	RAD21	2013	-89	T	pindel	116856289	ENST00000297338	FILTERED
G	4154	chrX	TWAO-MS-Positive-Control-W22-6944-BM-lib16	53415155	weak_evidence;LowVAF	SMC1A	3530	-89	T	dragen	53415154	ENST00000322213	FILTERED
G	5271	chr8	TWAO-108032713-W23-5115-BM2-lib1	127738974	base_quality;weak_evidence;LowVAF	MYC	5181	-90	C	dragen	127738973	ENST00000621592	FILTERED
T	3639	chrX	TWAO-202138202-W23-5245-BM-lib1	124061769	StrandSupport;LowQualReadBias;LowQualReads;LowVAF	STAG2	3299	-90	TA	pindel	124061768	ENST00000371145	FILTERED
C	2193	chr18	TWAO-202143635-W23-5271-BM-lib1	44950556	base_quality;LowVAF	SETBP1	2101	-92	A	dragen	44950555	ENST00000649279	FILTERED
T	5383	chr17	TWAO-102552878-W23-5092-BM-lib1	31966162	base_quality;read_position;LowVAF	SUZ12	4270	-93	G	dragen	31966161	ENST00000322652	FILTERED
A	2737	chr10	TWAO-107016815-W23-5248-PB-lib1	110600500	base_quality;weak_evidence;LowVAF	SMC3	2258	-93	C	dragen	110600499	ENST00000361804	FILTERED
C	1552	chr10	TWAO-202154026-W23-5242-BM-lib1	110600508	base_quality;LowVAF	SMC3	1456	-96	A	dragen	110600507	ENST00000361804	FILTERED
T	2093	chr10	TWAO-102552878-W23-5092-BM-lib1	110600513	base_quality;LowVAF	SMC3	1364	-96	G	dragen	110600512	ENST00000361804	FILTERED
G	884	chr4	TWAO-202143635-W23-5271-BM-lib1	105236536	base_quality;no_reliable_supporting_read	TET2	788	-96	T	dragen	105236535	ENST00000380013	FILTERED
T	6347	chrX	TWAO-102552878-W23-5092-BM-lib1	124071175	base_quality;LowVAF	STAG2	6250	-97	G	dragen	124071174	ENST00000371145	FILTERED
G	3693	chrX	TWAO-202143635-W23-5271-BM-lib1	40072989	base_quality;LowVAF	BCOR	3595	-98	T	dragen	40072988	ENST00000378444	FILTERED
G	3636	chr18	TWAO-202143635-W23-5271-BM-lib1	44950611	base_quality;LowVAF	SETBP1	3538	-98	T	dragen	44950610	ENST00000649279	FILTERED
T	1853	chr17	TWAO-107016815-W23-5248-PB-lib1	31181728	base_quality;LowVAF	NF1	1713	-106	G	dragen	31181727	ENST00000358273	FILTERED
T	2366	chr10	TWAO-201516155-W23-5090-BM-lib1	110600493	base_quality;LowVAF	SMC3	2259	-107	G	dragen	110600492	ENST00000361804	FILTERED
A	1554	chr17	TWAO-102552878-W23-5092-BM-lib1	31230297	base_quality;LowVAF	NF1	1370	-107	C	dragen	31230296	ENST00000358273	FILTERED
C	3207	chrX	TWAO-202143635-W23-5271-BM-lib1	130056129	base_quality;LowVAF	BCORL1	3099	-108	A	dragen	130056128	ENST00000540052	FILTERED
A	5990	chr17	TWAO-202138202-W23-5245-BM-lib1	31966152	base_quality;LowVAF	SUZ12	5881	-109	C	dragen	31966151	ENST00000322652	FILTERED
C	2215	chr4	TWAO-202143635-W23-5271-BM-lib1	105272860	base_quality;LowVAF	TET2	2103	-112	G	dragen	105272859	ENST00000380013	FILTERED
C	3878	chrX	TWAO-202143635-W23-5271-BM-lib1	40073289	base_quality;LowVAF	BCOR	3761	-117	A	dragen	40073288	ENST00000378444	FILTERED
G	3878	chrX	TWAO-202143635-W23-5271-BM-lib1	40073283	base_quality;LowVAF	BCOR	3760	-118	T	dragen	40073282	ENST00000378444	FILTERED
T	6517	chr18	TWAO-102552878-W23-5092-BM-lib1	44951187	base_quality;weak_evidence;LowVAF	SETBP1	6397	-120	A	dragen	44951186	ENST00000649279	FILTERED
G	3693	chrX	TWAO-202143635-W23-5271-BM-lib1	40072990	base_quality;LowVAF	BCOR	3570	-123	T	dragen	40072989	ENST00000378444	FILTERED
A	1708	chr17	TWAO-102552878-W23-5092-BM-lib1	31230292	base_quality;LowVAF	NF1	1381	-135	C	dragen	31230291	ENST00000358273	FILTERED
T	2450	chr10	TWAO-200054718-W23-5200-BM-lib1	110600460	base_quality	SMC3	1268	-137	G	dragen	110600459	ENST00000361804	FILTERED
A	3649	chr5	TWAO-102552878-W23-5092-BM-lib1	171410533	base_quality;LowVAF	NPM1	2209	-138	C	dragen	171410532	ENST00000296930	FILTERED
A	5543	chr17	TWAO-102552878-W23-5092-BM-lib1	31966147	base_quality;weak_evidence;LowVAF	SUZ12	4536	-146	C	dragen	31966146	ENST00000322652	FILTERED
T	2383	chr10	TWAO-201723434-W23-5114-BM-lib1	110600453	base_quality;LowVAF	SMC3	2086	-152	G	dragen	110600452	ENST00000361804	FILTERED
C	4380	chr8	TWAO-102552878-W23-5092-BM-lib1	127739010	base_quality;LowVAF	MYC	3956	-159	A	dragen	127739009	ENST00000621592	FILTERED
A	3647	chr5	TWAO-102552878-W23-5092-BM-lib1	171410539	base_quality;weak_evidence;LowVAF	NPM1	1783	-159	C	dragen	171410538	ENST00000296930	FILTERED
T	2451	chr10	TWAO-200054718-W23-5200-BM-lib1	110600464	base_quality;no_reliable_supporting_read	SMC3	1249	-164	G	dragen	110600463	ENST00000361804	FILTERED
T	2947	chr10	TWAO-107016815-W23-5248-PB-lib1	110600439	base_quality;read_position;LowVAF	SMC3	2776	-171	G	dragen	110600438	ENST00000361804	FILTERED
T	2639	chr10	TWAO-201516155-W23-5090-BM-lib1	110600446	base_quality;LowVAF	SMC3	2466	-173	G	dragen	110600445	ENST00000361804	FILTERED
C	8818	chr18	TWAO-102552878-W23-5092-BM-lib1	44951097	base_quality;no_reliable_supporting_read;read_position;weak_evidence;LowVAF	SETBP1	7781	-181	A	dragen	44951096	ENST00000649279	FILTERED
T	6714	chr17	TWAO-102552878-W23-5092-BM-lib1	31966146	weak_evidence;LowVAF	SUZ12	4606	-181	G		31966145	ENST00000322652	FILTERED
A	3221	chr8	TWAO-104533120-W23-5281-BM-lib1	116856268	base_quality;LowVAF	RAD21	3037	-184	C	dragen	116856267	ENST00000297338	FILTERED
A	3224	chr8	TWAO-104533120-W23-5281-BM-lib1	116856273	base_quality;weak_evidence;LowVAF	RAD21	3040	-184	C	dragen	116856272	ENST00000297338	FILTERED
T	2654	chr10	TWAO-201682401-W23-5060-BM-lib1	110600438	base_quality;read_position;LowVAF	SMC3	2466	-188	G	dragen	110600437	ENST00000361804	FILTERED
A	8298	chr18	TWAO-106444776-W23-5197-PB-lib1	44951109	base_quality;LowVAF	SETBP1	7865	-192	C	dragen	44951108	ENST00000649279	FILTERED
T	2361	chr10	TWAO-200054718-W23-5200-BM-lib1	110600450	base_quality;LowVAF	SMC3	1289	-195	G	dragen	110600449	ENST00000361804	FILTERED
C	7912	chr18	TWAO-102552878-W23-5092-BM-lib1	44951162	base_quality;LowVAF	SETBP1	6973	-199	A	dragen	44951161	ENST00000649279	FILTERED
T	6387	chr8	TWAO-MS-Positive-Control-W22-6944-BM-lib16	127738924	base_quality;weak_evidence;LowVAF	MYC	6159	-205	A	dragen	127738923	ENST00000621592	FILTERED
C	6307	chr8	TWAO-102552878-W23-5092-BM-lib1	127738969	base_quality;LowVAF	MYC	4718	-211	A	dragen	127738968	ENST00000621592	FILTERED
G	6379	chr8	TWAO-105163199-W23-5089-BM-lib1	127738921	base_quality;weak_evidence;LowVAF	MYC	5780	-228	C	dragen	127738920	ENST00000621592	FILTERED
C	5136	chr8	TWAO-102552878-W23-5092-BM-lib1	127739004	base_quality;weak_evidence;LowVAF	MYC	4922	-237	A	dragen	127739003	ENST00000621592	FILTERED
G	3961	chr7	TWAO-201516155-W23-5090-BM-lib1	102196778	base_quality	CUX1	3721	-240	T	dragen	102196777	ENST00000292535	FILTERED
C	5159	chr18	TWAO-202138202-W23-5245-BM-lib1	44951208	base_quality;weak_evidence;LowVAF	SETBP1	4914	-245	G	dragen	44951207	ENST00000649279	FILTERED
C	4925	chr21	TWAO-108152658-W23-5283-BM-lib1	34834440	base_quality;weak_evidence;LowVAF	RUNX1	4676	-249	A	dragen	34834439	ENST00000675419	FILTERED
G	4499	chr17	TWAO-202153377-W23-5261-BM-lib1	31966147	base_quality;weak_evidence;LowVAF	SUZ12	3614	-282	C	dragen	31966146	ENST00000322652	FILTERED
GCCCCCCGTCTGCC	2662	chrX	TWAO-102552878-W23-5092-BM-lib1	130013866	StrandSupport	BCORL1	2367	-295	G	pindel	130013865	ENST00000540052	FILTERED
C	5418	chr18	TWAO-102552878-W23-5092-BM-lib1	44951211	base_quality;LowVAF	SETBP1	4981	-297	A	dragen	44951210	ENST00000649279	FILTERED
A	8673	chr18	TWAO-201723434-W23-5114-BM-lib1	44951121	base_quality;weak_evidence;LowVAF	SETBP1	7444	-303	C	dragen	44951120	ENST00000649279	FILTERED
C	4280	chr8	TWAO-202143635-W23-5271-BM-lib1	127738957	base_quality;weak_evidence;LowVAF	MYC	3956	-324	A	dragen	127738956	ENST00000621592	FILTERED
GCCCACCTTCGACC	3381	chrX	TWAO-201805813-W23-5093-BM-lib1	130013866	StrandSupport;LowVAF	BCORL1	3034	-347	G	pindel	130013865	ENST00000540052	FILTERED
C	4719	chr8	TWAO-200054718-W23-5200-BM-lib1	127739007	base_quality;LowVAF	MYC	2791	-349	A	dragen	127739006	ENST00000621592	FILTERED
T	4994	chr18	TWAO-200249928-W23-5250-BM-lib1	44951203	base_quality;weak_evidence;LowVAF	SETBP1	4586	-408	G	dragen	44951202	ENST00000649279	FILTERED
C	5418	chr18	TWAO-105982473-W23-5162-BM-lib1	44951203	base_quality;weak_evidence;LowVAF	SETBP1	4576	-410	G	dragen	44951202	ENST00000649279	FILTERED
GCCCCCCTTCTACC	2427	chrX	TWAO-108152658-W23-5283-BM-lib1	130013866	StrandSupport;LowQualReads;LowVAF	BCORL1	2001	-426	G	pindel	130013865	ENST00000540052	FILTERED
T	6507	chr21	TWAO-108032713-W23-5115-BM2-lib1	34834435	base_quality;weak_evidence;LowVAF	RUNX1	6088	-456	G	dragen	34834434	ENST00000675419	FILTERED
GCCCACCGTCGACC	4069	chrX	TWAO-201796057-W23-5143-BM2-lib1	130013866	StrandSupport	BCORL1	2745	-506	G	pindel	130013865	ENST00000540052	FILTERED
GCCCACCGTCTACC	4252	chrX	TWAO-108032713-W23-5115-BM2-lib1	130013866	StrandSupport	BCORL1	3095	-508	G	pindel	130013865	ENST00000540052	FILTERED
T	2400	chrX	TWAO-103144074-W23-5051-BM-lib1	124061800	base_quality;no_reliable_supporting_read;weak_evidence;LowVAF	STAG2	1876	-524	A	dragen	124061799	ENST00000371145	FILTERED
GCCCACCTTCTACC	3947	chrX	TWAO-105163199-W23-5089-BM-lib1	130013866	StrandSupport;LowVAF	BCORL1	2530	-563	G	pindel	130013865	ENST00000540052	FILTERED
T	4268	chr8	TWAO-201938262-W23-5253-BM-lib1	116856231	base_quality;weak_evidence;LowVAF	RAD21	3652	-616	G	dragen	116856230	ENST00000297338	FILTERED
GCCCACCGTGGGCC	3402	chrX	TWAO-105982473-W23-5162-BM-lib1	130013866	StrandSupport;LowQualReads;LowVAF	BCORL1	2783	-619	G	pindel	130013865	ENST00000540052	FILTERED
A	5302	chr8	TWAO-200054718-W23-5200-BM-lib1	116856229	base_quality;LowVAF	RAD21	3444	-635	C	dragen	116856228	ENST00000297338	FILTERED
T	2104	chrX	TWAO-106352110-W23-5075-BM-lib1	124061816	base_quality;weak_evidence;LowVAF	STAG2	1449	-655	G	dragen	124061815	ENST00000371145	FILTERED
T	2309	chrX	TWAO-MS-Positive-Control-W22-6944-BM-lib16	124061779	base_quality;LowVAF	STAG2	1414	-895	G	dragen	124061778	ENST00000371145	FILTERED
C	6035	chrX	TWAO-102552878-W23-5092-BM-lib1	130013921	StrandSupport;LowQualReads	BCORL1	3043	-898	CCCACCCTCATCCCCGCCTTTGCTCCTACACCGGTGCCTGCA	pindel	130013880	ENST00000540052	FILTERED
A	5364	chr8	TWAO-107016815-W23-5248-PB-lib1	116856233	base_quality;weak_evidence;LowVAF	RAD21	4281	-1083	C	dragen	116856232	ENST00000297338	FILTERED
T	1655	chr21	TWAO-200249928-W23-5250-BM-lib1	34792295	base_quality	RUNX1	348	-1307	A	dragen	34792294	ENST00000675419	FILTERED
C	4552	chr17	TWAO-201723434-W23-5114-BM-lib1	31232216	StrandSupport;LowQualReadBias;LowQualReads	NF1	3137	-1415	CAGCCTGAAGAAGGAGATGGTGTGGAATTGATGGAAGCCAAATCACAGTTATTTCTTAAGTAAATTTCAGTCACCAAAAAACATAA	pindel	31232131	ENST00000358273	FILTERED
T	2627	chrX	TWAO-202153377-W23-5261-BM-lib1	124061811	base_quality;weak_evidence;LowVAF	STAG2	1111	-1516	G	dragen	124061810	ENST00000371145	FILTERED
A	5681	chr12	TWAO-200249928-W23-5250-BM-lib1	25245319	read_position;LowVAF	KRAS	2817	-2864	C	dragen	25245318	ENST00000311936	FILTERED
